SeqNo,Month,Year,SalesAmount,CreatedBy,LastUpdatedBy,CreatedDateTime,LastUpdatedDateTime,SoftDeleteFlag
1,Jan,2021,5556,Suhas,,,,
2,Feb,2021,5966,Suhas,,,,
3,Mar,2021,5600,Suhas,,,,
4,Apr,2021,6874,Suhas,,,,
5,May,2021,6480,Suhas,,,,
6,Jun,2021,7036,Suhas,,,,
7,Jul,2021,7117,Suhas,,,,
8,Aug,2021,7932,Suhas,,,,
9,Sep,2021,7705,Suhas,,,,
10,Oct,2021,8048,Suhas,,,,
11,Nov,2021,8763,Suhas,,,,
12,Dec,2021,9078,Suhas,,,,
13,Jan,2022,8732,Suhas,,,,
14,Feb,2022,9503,Suhas,,,,
15,Mar,2022,9253,Suhas,,,,
16,Apr,2022,10226,Suhas,,,,
17,May,2022,9865,Suhas,,,,
18,Jun,2022,10575,Suhas,,,,
19,Jul,2022,11059,Suhas,,,,
20,Aug,2022,11151,Suhas,,,,
21,Sep,2022,11806,Suhas,,,,
22,Oct,2022,11455,Suhas,,,,
23,Nov,2022,12595,Suhas,,,,
24,Dec,2022,12223,Suhas,,,,
25,Jan,2023,13139,Suhas,,,,
26,Feb,2023,13449,Suhas,,,,
27,Mar,2023,12891,Suhas,,,,
28,Apr,2023,13119,Suhas,,,,
29,May,2023,13689,Suhas,,,,
30,Jun,2023,14187,Suhas,,,,
31,Jul,2023,14139,Suhas,,,,
32,Aug,2023,15200,Suhas,,,,
33,Sep,2023,15170,Suhas,,,,
34,Oct,2023,15252,Suhas,,,,
35,Nov,2023,15531,Suhas,,,,
36,Dec,2023,16310,Suhas,,,,