SeqNo,idProduct,Manufacturer,ModelNumber,ProductCode,SerialNumber,SaleDate,SalePrice,WarrantyExpiryDate,IsExtendedWarranty,ItemWeightlbs,PackageSize,OnlineSale,WarehouseLocation,CreatedBy,LastUpdatedBy,CreatedDateTime,LastUpdatedDateTime,SoftDeleteFlag
1,b80e680d,Yamaha,P-125 Digital Piano,YAM-6137,245010-9540,11/21/24,3638.62,11/21/25,TRUE,5.66,S,FALSE,D4,Suhas,,,,
2,81ef862b,Fender,Stratocaster,FEN-4176,230342-9525,6/29/23,3986.37,6/28/24,FALSE,10.89,M,TRUE,A1,Suhas,,,,
3,f2cd5e9b,Gibson,J-45 Acoustic,GIB-4822,889920-9549,8/7/24,4594.36,8/7/26,TRUE,43.15,L,FALSE,E5,Suhas,,,,
4,844aa1a6,Yamaha,Stage Custom Drum Kit,YAM-9646,508418-8134,5/30/23,268.35,5/29/25,FALSE,6.61,L,FALSE,D4,Suhas,,,,
5,aa2fe6bd,Shure,Beta 87A,SHU-5768,424621-7157,12/3/24,757.32,12/3/26,TRUE,12.49,M,TRUE,D4,Suhas,,,,
6,a1e5dd82,Roland,GO:KEYS 61,ROL-8025,492678-5893,4/15/24,1226.34,4/15/26,FALSE,30.73,S,FALSE,D4,Suhas,,,,
7,56416db5,Roland,TD-17KVX V-Drums,ROL-5337,993424-6148,9/11/24,2707.3,9/11/27,FALSE,45.21,S,FALSE,B2,Suhas,,,,
8,cc2442d6,Roland,GO:KEYS 61,ROL-4230,478329-5576,12/4/24,4925.45,12/4/26,TRUE,29.31,S,FALSE,D4,Suhas,,,,
9,c7180aac,Shure,Beta 87A,SHU-8154,163773-9279,8/31/23,2402.53,8/30/25,FALSE,24.3,S,TRUE,C3,Suhas,,,,
10,3d4ba568,Yamaha,YTR-2330 Trumpet,YAM-6656,413190-1052,7/2/24,3374.38,7/2/27,TRUE,49.98,S,FALSE,C3,Suhas,,,,
11,abfd3cd3,Shure,Beta 87A,SHU-8429,580687-1306,3/23/23,3673.53,3/22/26,TRUE,12.14,L,TRUE,E5,Suhas,,,,
12,f8b15bb7,Shure,SM58 Microphone,SHU-1129,223431-1258,10/19/24,1750.54,10/19/27,FALSE,43.31,M,TRUE,E5,Suhas,,,,
13,149ab154,Yamaha,P-125 Digital Piano,YAM-4282,431385-2309,5/27/23,2554.69,5/26/24,TRUE,33.34,L,TRUE,B2,Suhas,,,,
14,956960b2,Shure,KSM32,SHU-5051,488651-1210,8/10/23,585.66,8/9/26,TRUE,25.63,L,TRUE,E5,Suhas,,,,
15,9a86277a,Gibson,SG Standard,GIB-2093,591164-7147,6/3/24,2419.99,6/3/27,TRUE,44.49,L,TRUE,B2,Suhas,,,,
16,c685d43b,Roland,TD-17KVX V-Drums,ROL-7089,890722-3133,6/25/23,1031,6/24/25,TRUE,23.56,M,TRUE,A1,Suhas,,,,
17,c9447b2c,Behringer,X32 Mixer,BEH-7868,922857-1677,7/14/23,1049.29,7/13/24,FALSE,5.96,L,TRUE,E5,Suhas,,,,
18,f086ab6b,Gibson,J-45 Acoustic,GIB-4328,938257-2259,3/11/24,3794.52,3/11/25,TRUE,43.27,S,FALSE,C3,Suhas,,,,
19,1f56b969,Gibson,Les Paul Standard,GIB-5338,668253-4237,1/13/24,2263.33,1/12/27,TRUE,43.79,S,FALSE,B2,Suhas,,,,
20,a32464c4,Roland,GO:KEYS 61,ROL-7786,247770-2326,7/15/23,4230.06,7/14/25,FALSE,26.79,L,FALSE,E5,Suhas,,,,
21,e0d4b3d0,Fender,Jazz Bass,FEN-3272,944052-7670,6/8/23,4135.98,6/7/26,FALSE,18.76,L,TRUE,E5,Suhas,,,,
22,a72f5849,Yamaha,Stage Custom Drum Kit,YAM-5944,609716-3103,4/26/24,2951.5,4/26/26,TRUE,44.19,S,TRUE,C3,Suhas,,,,
23,bc72babf,Fender,Telecaster,FEN-6524,254532-6139,4/30/23,3534.74,4/29/26,TRUE,3.35,S,FALSE,B2,Suhas,,,,
24,5983e45b,Roland,GO:KEYS 61,ROL-2819,937888-8108,8/10/23,4040.05,8/9/24,TRUE,36.71,S,FALSE,E5,Suhas,,,,
25,441fa8ad,Behringer,X32 Mixer,BEH-1995,255288-4193,3/21/24,4315.66,3/21/26,TRUE,6.04,S,FALSE,B2,Suhas,,,,
26,b3fb6b99,Yamaha,YTR-2330 Trumpet,YAM-1064,750682-6402,6/20/23,2907.53,6/19/26,TRUE,35.17,S,TRUE,A1,Suhas,,,,
27,982222c2,Behringer,Eurolive B210D,BEH-6829,160139-5131,11/28/23,1478.34,11/27/25,FALSE,38.77,L,FALSE,E5,Suhas,,,,
28,8f650284,Yamaha,P-125 Digital Piano,YAM-6169,525095-6851,4/29/24,1399.7,4/29/27,TRUE,23.53,L,TRUE,D4,Suhas,,,,
29,5b8be1c1,Fender,Telecaster,FEN-6460,824357-1907,3/12/23,1288,3/11/26,TRUE,27.52,S,FALSE,A1,Suhas,,,,
30,8795b6c8,Roland,GO:KEYS 61,ROL-6299,874900-5355,1/8/24,1797.18,1/7/25,TRUE,16.66,S,FALSE,C3,Suhas,,,,
31,50436e22,Behringer,U-Phoria UMC22,BEH-4084,791225-9791,1/12/24,2404.07,1/11/27,TRUE,46.76,M,FALSE,D4,Suhas,,,,
32,9953cb2a,Yamaha,Stage Custom Drum Kit,YAM-4251,941594-2690,5/23/23,597.7,5/22/25,FALSE,8.41,L,TRUE,E5,Suhas,,,,
33,7f7f4480,Gibson,Les Paul Standard,GIB-1031,635714-6304,5/10/23,804.35,5/9/25,FALSE,18.25,S,FALSE,A1,Suhas,,,,
34,7c8819c1,Roland,TD-17KVX V-Drums,ROL-5900,396210-3359,2/5/24,1489.38,2/4/27,FALSE,44.03,S,TRUE,D4,Suhas,,,,
35,2d8df84e,Shure,Beta 87A,SHU-7963,396833-9242,12/16/23,748.74,12/15/24,TRUE,22.34,L,TRUE,A1,Suhas,,,,
36,8471ee92,Fender,Jazz Bass,FEN-6129,396462-1779,10/7/23,4066.3,10/6/24,FALSE,36.04,M,FALSE,C3,Suhas,,,,
37,2ef27225,Yamaha,P-125 Digital Piano,YAM-5322,297419-8698,4/6/24,1675.74,4/6/25,TRUE,49.75,M,FALSE,A1,Suhas,,,,
38,74b8ae75,Fender,Telecaster,FEN-8846,195768-7027,3/16/23,585.71,3/15/26,TRUE,14.39,S,FALSE,A1,Suhas,,,,
39,13c54886,Roland,TD-17KVX V-Drums,ROL-2815,112855-8636,4/18/23,4375.1,4/17/26,FALSE,46.51,M,TRUE,D4,Suhas,,,,
40,c01ed8e8,Behringer,X32 Mixer,BEH-2339,717052-7076,11/15/23,3534.68,11/14/25,FALSE,27.13,M,FALSE,C3,Suhas,,,,
41,9bf32b7c,Shure,Beta 87A,SHU-7853,711188-8773,8/15/23,3917.07,8/14/25,TRUE,30.64,L,FALSE,D4,Suhas,,,,
42,5dd9e571,Gibson,SG Standard,GIB-1283,610009-2736,9/7/23,2636.72,9/6/25,FALSE,17.58,L,TRUE,D4,Suhas,,,,
43,eaaa77a1,Behringer,U-Phoria UMC22,BEH-1722,718522-1414,4/4/24,184.26,4/4/26,FALSE,47.75,S,FALSE,C3,Suhas,,,,
44,7ec223f8,Yamaha,Stage Custom Drum Kit,YAM-7324,682153-9578,6/10/23,3592.65,6/9/25,FALSE,39.65,S,TRUE,A1,Suhas,,,,
45,485f810d,Behringer,Eurolive B210D,BEH-7529,305802-9814,3/28/23,4946.66,3/27/25,FALSE,37.53,M,FALSE,A1,Suhas,,,,
46,353c5b18,Behringer,U-Phoria UMC22,BEH-5770,974394-8565,8/1/23,3478.39,7/31/25,TRUE,33.11,M,TRUE,B2,Suhas,,,,
47,750e2515,Yamaha,Stage Custom Drum Kit,YAM-1706,882796-6047,9/6/23,3941.78,9/5/25,FALSE,9.78,L,TRUE,E5,Suhas,,,,
48,6f011b45,Fender,Jazz Bass,FEN-5857,475126-6012,9/4/24,896.15,9/4/26,FALSE,41.13,L,TRUE,C3,Suhas,,,,
49,b3e32893,Roland,TD-17KVX V-Drums,ROL-3661,949888-1805,2/20/23,4573.6,2/19/26,FALSE,42.04,L,TRUE,A1,Suhas,,,,
50,9eb73bca,Fender,Stratocaster,FEN-1844,515297-6237,7/10/24,4821.74,7/10/27,FALSE,9.33,L,FALSE,C3,Suhas,,,,
51,78a206fe,Yamaha,YTR-2330 Trumpet,YAM-9980,327264-8076,6/25/24,1833.22,6/25/26,TRUE,29.97,S,TRUE,D4,Suhas,,,,
52,f5652643,Gibson,Les Paul Standard,GIB-2295,318018-5558,9/25/23,3868.31,9/24/26,FALSE,48.94,L,TRUE,A1,Suhas,,,,
53,74f5dfd2,Behringer,U-Phoria UMC22,BEH-8906,519880-3736,3/7/24,2638.55,3/7/25,FALSE,19.98,S,FALSE,D4,Suhas,,,,
54,94b229e4,Behringer,U-Phoria UMC22,BEH-5200,193681-5002,2/1/24,574.54,1/31/25,TRUE,20.33,S,TRUE,D4,Suhas,,,,
55,6edb465e,Fender,Stratocaster,FEN-5850,414060-2769,3/13/24,4594.11,3/13/27,FALSE,42.77,M,TRUE,A1,Suhas,,,,
56,e78a550a,Gibson,SG Standard,GIB-1263,542735-9724,6/10/24,3327.34,6/10/27,TRUE,9.29,L,FALSE,A1,Suhas,,,,
57,f99217c1,Gibson,Les Paul Standard,GIB-1082,307030-1468,12/23/23,2961.79,12/22/25,TRUE,47.52,S,FALSE,D4,Suhas,,,,
58,b577ee34,Yamaha,Stage Custom Drum Kit,YAM-5237,126803-6475,2/12/23,911.75,2/11/25,TRUE,26.58,S,TRUE,C3,Suhas,,,,
59,9a244584,Fender,Telecaster,FEN-1462,528815-4250,10/11/23,904.42,10/10/25,FALSE,17.2,S,FALSE,C3,Suhas,,,,
60,7028420f,Behringer,U-Phoria UMC22,BEH-6541,435309-8566,3/25/24,308.6,3/25/25,FALSE,16.21,M,TRUE,A1,Suhas,,,,
61,89ca9593,Roland,JUNO-DS88,ROL-5227,210359-8572,7/1/23,1031.33,6/30/26,TRUE,16.12,M,FALSE,D4,Suhas,,,,
62,f46f695c,Shure,KSM32,SHU-8543,356093-7474,4/3/23,2560.13,4/2/26,TRUE,16.54,L,FALSE,E5,Suhas,,,,
63,8da97f09,Gibson,SG Standard,GIB-7480,192410-1591,11/5/24,1232.39,11/5/25,TRUE,34.55,M,TRUE,C3,Suhas,,,,
64,909adf97,Roland,JUNO-DS88,ROL-9539,887099-5439,1/5/24,3105.17,1/4/27,TRUE,8.06,M,FALSE,C3,Suhas,,,,
65,94911dbc,Gibson,SG Standard,GIB-6113,496223-5148,11/9/24,619.58,11/9/25,FALSE,48.8,S,TRUE,B2,Suhas,,,,
66,cfded6cb,Yamaha,YTR-2330 Trumpet,YAM-7054,568182-6486,2/15/24,142.38,2/14/26,TRUE,46.73,M,TRUE,C3,Suhas,,,,
67,208e379f,Gibson,SG Standard,GIB-6279,530987-2795,12/18/23,2561.28,12/17/25,TRUE,7.54,L,TRUE,D4,Suhas,,,,
68,dfce4b07,Roland,GO:KEYS 61,ROL-4786,545748-8637,4/25/24,1785.67,4/25/26,TRUE,16.38,M,FALSE,D4,Suhas,,,,
69,1ff4b8d7,Behringer,U-Phoria UMC22,BEH-1149,895584-3608,5/7/24,1748.66,5/7/27,TRUE,2.09,M,TRUE,E5,Suhas,,,,
70,38fcf7a3,Behringer,U-Phoria UMC22,BEH-5366,544808-4752,10/2/23,2756.64,10/1/26,FALSE,37.03,L,FALSE,C3,Suhas,,,,
71,15082399,Gibson,Les Paul Standard,GIB-5241,281709-5172,6/9/24,2369.02,6/9/25,FALSE,46.14,S,FALSE,D4,Suhas,,,,
72,c4000a38,Roland,TD-17KVX V-Drums,ROL-2719,815850-9538,8/18/23,4376.99,8/17/25,FALSE,40.69,L,FALSE,C3,Suhas,,,,
73,ec1db1e5,Shure,KSM32,SHU-6802,119922-5555,6/20/23,4469.07,6/19/26,FALSE,5.97,S,TRUE,E5,Suhas,,,,
74,beccccea,Fender,Jazz Bass,FEN-5294,775116-2616,5/22/24,3898.54,5/22/25,FALSE,19.63,S,FALSE,E5,Suhas,,,,
75,66ea7729,Behringer,Eurolive B210D,BEH-4082,392742-1631,12/12/24,2266.23,12/12/25,TRUE,45.34,S,TRUE,B2,Suhas,,,,
76,cba7dda8,Roland,JUNO-DS88,ROL-1363,285093-2495,10/16/23,3010.8,10/15/24,TRUE,49.15,S,TRUE,E5,Suhas,,,,
77,2257688b,Behringer,Eurolive B210D,BEH-5141,562910-1384,10/5/23,4341.91,10/4/24,FALSE,16.65,S,FALSE,E5,Suhas,,,,
78,8d1d20ee,Gibson,SG Standard,GIB-6899,725638-3210,9/7/23,292.07,9/6/26,TRUE,8.44,S,TRUE,D4,Suhas,,,,
79,108c29e9,Yamaha,P-125 Digital Piano,YAM-5794,776790-3427,12/19/24,292.81,12/19/25,TRUE,4.57,L,TRUE,A1,Suhas,,,,
80,8aa3d150,Gibson,SG Standard,GIB-7546,756408-8833,10/4/24,2094.39,10/4/27,FALSE,30.87,S,TRUE,B2,Suhas,,,,
81,e081cb9a,Roland,GO:KEYS 61,ROL-4340,501545-1080,12/31/24,1998.86,12/31/27,FALSE,5.11,S,TRUE,B2,Suhas,,,,
82,17b6f37a,Shure,Beta 87A,SHU-4440,258167-2734,8/1/23,271.31,7/31/24,FALSE,45.14,L,FALSE,A1,Suhas,,,,
83,f9f45ee4,Fender,Jazz Bass,FEN-6566,187626-1386,4/6/23,3445.81,4/5/24,TRUE,39.57,L,TRUE,C3,Suhas,,,,
84,eda87ffe,Behringer,U-Phoria UMC22,BEH-3141,265257-9979,1/17/24,1835.03,1/16/25,TRUE,29.17,S,FALSE,A1,Suhas,,,,
85,8985a95f,Behringer,Eurolive B210D,BEH-4486,748041-3690,11/29/23,1516.18,11/28/24,TRUE,44.11,L,TRUE,E5,Suhas,,,,
86,97f6683b,Gibson,SG Standard,GIB-8102,238503-8255,10/24/23,957.57,10/23/24,FALSE,44.22,S,FALSE,D4,Suhas,,,,
87,bdcb3ac8,Gibson,SG Standard,GIB-8100,467061-8903,12/15/23,2713.48,12/14/24,TRUE,14.99,M,FALSE,A1,Suhas,,,,
88,05fd44bf,Roland,GO:KEYS 61,ROL-4799,971061-9875,9/30/24,2348.78,9/30/25,TRUE,39.73,L,TRUE,E5,Suhas,,,,
89,e35af50d,Roland,TD-17KVX V-Drums,ROL-7632,396198-2189,10/15/23,669.54,10/14/26,FALSE,18.27,S,FALSE,D4,Suhas,,,,
90,321fec1c,Roland,GO:KEYS 61,ROL-4308,513456-7961,6/15/24,1421.63,6/15/27,TRUE,17.76,L,TRUE,A1,Suhas,,,,
91,5c6abc36,Yamaha,P-125 Digital Piano,YAM-4950,716515-9736,6/23/23,4249.59,6/22/24,TRUE,30.68,S,FALSE,C3,Suhas,,,,
92,60d45229,Yamaha,YTR-2330 Trumpet,YAM-9273,602582-3479,10/25/24,4370.64,10/25/25,FALSE,31.77,S,TRUE,E5,Suhas,,,,
93,8e20138e,Behringer,Eurolive B210D,BEH-3933,411414-2964,2/24/24,2740.74,2/23/26,FALSE,2.89,M,TRUE,B2,Suhas,,,,
94,07b280c9,Roland,JUNO-DS88,ROL-6175,539760-1930,6/21/24,1426.43,6/21/27,FALSE,39.63,L,TRUE,E5,Suhas,,,,
95,a1727d43,Gibson,J-45 Acoustic,GIB-6133,331426-3709,6/9/24,1818.23,6/9/27,TRUE,12.24,S,FALSE,A1,Suhas,,,,
96,6c57159c,Roland,TD-17KVX V-Drums,ROL-2204,329321-9946,7/18/23,3938.91,7/17/25,FALSE,23.4,S,FALSE,B2,Suhas,,,,
97,461a4610,Yamaha,Stage Custom Drum Kit,YAM-8242,911633-8471,9/7/24,1937.84,9/7/25,FALSE,38.33,S,FALSE,A1,Suhas,,,,
98,f7118b78,Yamaha,YTR-2330 Trumpet,YAM-8341,172456-5760,12/26/24,4385.11,12/26/25,FALSE,20.61,L,FALSE,E5,Suhas,,,,
99,14a66169,Yamaha,P-125 Digital Piano,YAM-3956,714030-7010,5/24/24,844.86,5/24/25,TRUE,2.46,M,FALSE,A1,Suhas,,,,
100,11abfd89,Roland,GO:KEYS 61,ROL-8036,869525-8553,11/7/24,1144.02,11/7/25,TRUE,15.59,S,TRUE,E5,Suhas,,,,