SeqNo,ProductCategory,InventoryQuantity,InventoryCapacity,WarehouseLocation,Inventorypercentage,CreatedBy,LastUpdatedBy,CreatedDateTime,LastUpdatedDateTime,SoftDeleteFlag
1,Guitars,50,75,"Los Angeles, CA",42.85714286,Suhas,,,,
2,Keyboards,25,40,"New York, NY",72.72727273,Suhas,,,,
3,Drums,10,20,"Chicago, IL",28.57142857,Suhas,,,,
4,Microphones,100,200,"Dallas, TX",95.23809524,Suhas,,,,
5,Cables,200,300,"Los Angeles, CA",100,Suhas,,,,
6,Guitars,50,100,"Chicago, IL",57.14285714,Suhas,,,,
7,Keyboards,10,15,"New York, NY",27.27272727,Suhas,,,,
8,Drums,25,50,"Dallas, TX",71.42857143,Suhas,,,,
9,Microphones,5,10,"Los Angeles, CA",4.761904762,Suhas,,,,
10,Headphones,20,30,"New York, NY",100,Suhas,,,,